{"cameraMode":{"drawMode":0,"name":"Shaded","section":"Shading Mode"},"sceneLighting":true,"audioPlay":false,"sceneViewState":{"m_AlwaysRefresh":false,"showFog":true,"showSkybox":true,"showFlares":true,"showImageEffects":true,"showParticleSystems":true,"showVisualEffectGraphs":true,"m_FxEnabled":true},"in2DMode":false,"pivot":{"x":-0.4579129219055176,"y":-0.11530470848083496,"z":-0.40219712257385256},"rotation":{"x":0.08128736913204193,"y":0.8548245429992676,"z":-0.14102298021316529,"w":0.4927339553833008},"size":5.9225053787231449,"orthographic":false}