{"cameraMode":{"drawMode":0,"name":"Shaded","section":"Shading Mode"},"sceneLighting":true,"audioPlay":false,"sceneViewState":{"m_AlwaysRefresh":false,"showFog":true,"showSkybox":true,"showFlares":true,"showImageEffects":true,"showParticleSystems":true,"showVisualEffectGraphs":true,"m_FxEnabled":true},"in2DMode":false,"pivot":{"x":-31.830291748046876,"y":2.6816329956054689,"z":-14.769593238830567},"rotation":{"x":0.20386049151420594,"y":-0.5468634366989136,"z":0.13933566212654115,"w":0.8000179529190064},"size":7.752532005310059,"orthographic":false}