{"cameraMode":{"drawMode":0,"name":"Shaded","section":"Shading Mode"},"sceneLighting":true,"audioPlay":false,"sceneViewState":{"m_AlwaysRefresh":false,"showFog":true,"showSkybox":true,"showFlares":true,"showImageEffects":true,"showParticleSystems":true,"showVisualEffectGraphs":true,"m_FxEnabled":true},"in2DMode":false,"pivot":{"x":-0.06996423006057739,"y":0.2739375829696655,"z":-0.30627918243408205},"rotation":{"x":0.008510760962963105,"y":0.9914925694465637,"z":-0.08797576278448105,"w":0.0957706868648529},"size":4.147874355316162,"orthographic":false}